epoch,time,train/box_loss,train/cls_loss,train/l1_loss,metrics/precision(B),metrics/recall(B),metrics/mAP50(B),metrics/mAP50-95(B),val/box_loss,val/cls_loss,val/l1_loss,lr/pg0,lr/pg1,lr/pg2
1,115.837,1.69111,6.55533,0.00667,0.00286,0.06035,0.00178,0.00131,0.99622,5.38467,0.00412,9.66005e-06,9.66005e-06,9.66005e-06
2,226.234,1.65146,4.85624,0.00637,0.51963,0.01901,0.0069,0.00517,1.01716,4.19463,0.0042,1.9322e-05,1.9322e-05,1.9322e-05
3,338.088,1.6009,4.07204,0.00612,0.45407,0.02366,0.01708,0.01284,0.99191,3.49942,0.00409,2.89651e-05,2.89651e-05,2.89651e-05
4,450.339,1.57129,3.61299,0.00603,0.43256,0.03987,0.03124,0.02324,1.00697,3.07172,0.00418,2.89363e-05,2.89363e-05,2.89363e-05
5,561.987,1.57384,3.32824,0.00615,0.43928,0.04962,0.04432,0.03267,1.03035,2.77587,0.00428,2.88868e-05,2.88868e-05,2.88868e-05
6,672.487,1.54008,3.08073,0.00595,0.47453,0.05977,0.05642,0.04192,1.01287,2.55207,0.00423,2.88233e-05,2.88233e-05,2.88233e-05
7,785.829,1.52912,2.86872,0.00589,0.47823,0.06544,0.0671,0.04923,1.039,2.36367,0.00436,2.87457e-05,2.87457e-05,2.87457e-05
8,897.203,1.53277,2.72382,0.00598,0.4606,0.07737,0.079,0.05794,1.03748,2.20341,0.00438,2.86543e-05,2.86543e-05,2.86543e-05
9,1007.87,1.52278,2.56494,0.00578,0.45625,0.08733,0.0915,0.06785,1.01134,2.06482,0.00424,2.8549e-05,2.8549e-05,2.8549e-05
10,1118.39,1.51488,2.48749,0.00583,0.39372,0.10604,0.10234,0.07545,1.01474,1.9528,0.00418,2.843e-05,2.843e-05,2.843e-05
11,1229.17,1.49512,2.38292,0.00565,0.41439,0.1097,0.11092,0.08176,1.04084,1.87471,0.00426,2.82974e-05,2.82974e-05,2.82974e-05
12,1339.91,1.4709,2.28641,0.00554,0.40603,0.12005,0.11996,0.0897,1.00289,1.80913,0.00417,2.81513e-05,2.81513e-05,2.81513e-05
13,1451.02,1.45781,2.23487,0.00556,0.3893,0.13464,0.13129,0.09766,1.01161,1.73117,0.00424,2.79919e-05,2.79919e-05,2.79919e-05
14,1561.74,1.43894,2.14228,0.00547,0.43787,0.12662,0.13953,0.1037,1.01801,1.69079,0.00421,2.78194e-05,2.78194e-05,2.78194e-05
15,1672.46,1.40297,2.06134,0.00533,0.40984,0.1389,0.14315,0.10595,1.0201,1.65228,0.00423,2.76338e-05,2.76338e-05,2.76338e-05
16,1783.35,1.39481,2.00474,0.00528,0.41569,0.14955,0.14873,0.11066,1.00835,1.60227,0.00418,2.74354e-05,2.74354e-05,2.74354e-05
17,1894.36,1.36816,1.97007,0.0052,0.46583,0.14628,0.1558,0.11569,1.01104,1.56518,0.00418,2.72244e-05,2.72244e-05,2.72244e-05
18,2005.13,1.35131,1.93065,0.00506,0.44149,0.157,0.16576,0.12328,1.00833,1.52247,0.00416,2.7001e-05,2.7001e-05,2.7001e-05
19,2115.97,1.33645,1.87947,0.00498,0.43065,0.16217,0.16877,0.12529,1.00003,1.48307,0.00414,2.67653e-05,2.67653e-05,2.67653e-05
20,2226.83,1.32146,1.82494,0.005,0.41432,0.16256,0.17049,0.12652,1.00774,1.47129,0.00419,2.65177e-05,2.65177e-05,2.65177e-05
21,2337.67,1.31546,1.80879,0.00484,0.40981,0.17229,0.17264,0.12722,1.01275,1.46389,0.00417,2.62584e-05,2.62584e-05,2.62584e-05
22,2448.57,1.31201,1.76876,0.00484,0.45391,0.15923,0.18354,0.13669,0.99773,1.4338,0.00413,2.59877e-05,2.59877e-05,2.59877e-05
23,2559.52,1.27281,1.72102,0.00477,0.42233,0.17861,0.18604,0.13701,1.01573,1.40914,0.00419,2.57057e-05,2.57057e-05,2.57057e-05
24,2671.17,1.27505,1.68647,0.00474,0.41209,0.18367,0.19263,0.14338,0.98886,1.37698,0.0041,2.54128e-05,2.54128e-05,2.54128e-05
25,2782.14,1.26195,1.67302,0.00466,0.42924,0.18504,0.19693,0.14802,0.98404,1.37467,0.00407,2.51093e-05,2.51093e-05,2.51093e-05
26,2893.06,1.26321,1.64545,0.00468,0.42593,0.18463,0.2011,0.15102,0.9804,1.34936,0.00409,2.47955e-05,2.47955e-05,2.47955e-05
27,3004.04,1.24172,1.61574,0.00465,0.41149,0.19354,0.20095,0.1519,0.9826,1.3532,0.0041,2.44717e-05,2.44717e-05,2.44717e-05
28,3114.97,1.25349,1.61274,0.00467,0.4233,0.19137,0.20848,0.15547,0.98091,1.32264,0.00406,2.41381e-05,2.41381e-05,2.41381e-05
29,3225.36,1.23946,1.58012,0.00457,0.47145,0.18895,0.21169,0.15899,0.97601,1.30707,0.00404,2.37952e-05,2.37952e-05,2.37952e-05
30,3335.95,1.21202,1.53911,0.00447,0.47031,0.19921,0.22307,0.16804,0.98577,1.2958,0.0041,2.34433e-05,2.34433e-05,2.34433e-05
31,3446.69,1.22064,1.5349,0.00447,0.46737,0.1994,0.22012,0.16397,0.98578,1.28762,0.00411,2.30827e-05,2.30827e-05,2.30827e-05
32,3557.45,1.21761,1.51849,0.00444,0.44757,0.19978,0.22834,0.17241,0.97026,1.28121,0.00403,2.27137e-05,2.27137e-05,2.27137e-05
33,3668.05,1.19971,1.48788,0.00448,0.45892,0.20203,0.23506,0.17647,0.98917,1.27455,0.00409,2.23368e-05,2.23368e-05,2.23368e-05
34,3779.12,1.19789,1.48211,0.00438,0.45197,0.2039,0.23245,0.17399,0.98709,1.26378,0.0041,2.19523e-05,2.19523e-05,2.19523e-05
35,3889.94,1.20562,1.48023,0.00438,0.43506,0.21391,0.23521,0.17694,0.98174,1.25934,0.00408,2.15606e-05,2.15606e-05,2.15606e-05
36,4002.19,1.19135,1.45307,0.00435,0.47835,0.21284,0.24094,0.18198,0.9671,1.2394,0.00401,2.1162e-05,2.1162e-05,2.1162e-05
37,4114.45,1.19596,1.42917,0.00447,0.44911,0.22218,0.24223,0.18243,0.97571,1.22774,0.00407,2.07571e-05,2.07571e-05,2.07571e-05
38,4227.08,1.18056,1.42026,0.0043,0.46154,0.22371,0.24065,0.1809,0.97443,1.23127,0.00407,2.03461e-05,2.03461e-05,2.03461e-05
39,4338.2,1.16976,1.39246,0.00432,0.45338,0.2151,0.23408,0.17479,0.97948,1.21818,0.00405,1.99294e-05,1.99294e-05,1.99294e-05
40,4449.14,1.17024,1.39385,0.00438,0.48599,0.20771,0.24629,0.18623,0.97027,1.21023,0.00402,1.95076e-05,1.95076e-05,1.95076e-05
41,4560.2,1.16315,1.39135,0.00425,0.47663,0.21841,0.24922,0.1877,0.97829,1.20604,0.00409,1.90809e-05,1.90809e-05,1.90809e-05
42,4671.08,1.15735,1.3681,0.00425,0.45708,0.2246,0.24664,0.18494,0.97796,1.20248,0.00406,1.86499e-05,1.86499e-05,1.86499e-05
43,4782.15,1.17435,1.37148,0.00426,0.45423,0.2251,0.24963,0.18774,0.96999,1.20421,0.00403,1.82149e-05,1.82149e-05,1.82149e-05
44,4893.34,1.15842,1.34997,0.00415,0.49895,0.21924,0.2497,0.18771,0.97347,1.19644,0.00404,1.77764e-05,1.77764e-05,1.77764e-05
45,5004.27,1.14739,1.34476,0.00415,0.45501,0.23306,0.25336,0.1902,0.95959,1.18505,0.004,1.73349e-05,1.73349e-05,1.73349e-05
46,5115.35,1.13445,1.32075,0.00414,0.46964,0.22871,0.25388,0.18999,0.98934,1.18255,0.00413,1.68906e-05,1.68906e-05,1.68906e-05
47,5226.17,1.12801,1.30661,0.00409,0.46817,0.2325,0.25477,0.19098,0.97349,1.1824,0.00408,1.64442e-05,1.64442e-05,1.64442e-05
48,5337.51,1.13283,1.29408,0.00411,0.47847,0.23242,0.25696,0.19218,0.98174,1.17844,0.00408,1.59959e-05,1.59959e-05,1.59959e-05
49,5448.54,1.13727,1.28834,0.00416,0.46569,0.23197,0.25777,0.19468,0.97344,1.17214,0.00406,1.55464e-05,1.55464e-05,1.55464e-05
50,5559.35,1.12598,1.27779,0.00412,0.44676,0.23863,0.25751,0.19349,0.97295,1.17194,0.00405,1.50959e-05,1.50959e-05,1.50959e-05
51,5670.43,1.11916,1.2773,0.00403,0.48067,0.23763,0.26602,0.20105,0.96441,1.17249,0.00403,1.4645e-05,1.4645e-05,1.4645e-05
52,5781.37,1.12068,1.2852,0.00403,0.47128,0.23124,0.25728,0.19338,0.97712,1.17371,0.00405,1.41941e-05,1.41941e-05,1.41941e-05
53,5892.29,1.12711,1.28146,0.00412,0.46857,0.24111,0.26337,0.19829,0.97202,1.17505,0.00404,1.37436e-05,1.37436e-05,1.37436e-05
54,6003.75,1.11566,1.25448,0.00411,0.47101,0.23048,0.25908,0.19431,0.97929,1.17495,0.00407,1.32941e-05,1.32941e-05,1.32941e-05
55,6114.66,1.10526,1.24258,0.00403,0.46867,0.23484,0.26219,0.19768,0.97163,1.16509,0.00406,1.28458e-05,1.28458e-05,1.28458e-05
56,6225.67,1.09176,1.23451,0.00399,0.46625,0.24259,0.26528,0.19901,0.97566,1.16905,0.00406,1.23994e-05,1.23994e-05,1.23994e-05
57,6336.6,1.10703,1.23779,0.00392,0.48605,0.23643,0.26568,0.19905,0.97842,1.16544,0.00408,1.19551e-05,1.19551e-05,1.19551e-05
58,6447.36,1.0878,1.22139,0.00398,0.46382,0.23896,0.26555,0.19953,0.97685,1.16531,0.00408,1.15136e-05,1.15136e-05,1.15136e-05
59,6558.5,1.09212,1.21092,0.00397,0.47394,0.24486,0.27208,0.2057,0.97019,1.16324,0.00403,1.10751e-05,1.10751e-05,1.10751e-05
60,6669.51,1.09498,1.20866,0.00396,0.43296,0.25141,0.26866,0.20249,0.96965,1.15523,0.00405,1.06401e-05,1.06401e-05,1.06401e-05
61,6780.44,1.09681,1.20074,0.00406,0.47001,0.24219,0.26844,0.2023,0.96619,1.16086,0.00403,1.02091e-05,1.02091e-05,1.02091e-05
62,6891.48,1.09353,1.20963,0.00393,0.47607,0.23771,0.26707,0.201,0.96552,1.15781,0.00404,9.78242e-06,9.78242e-06,9.78242e-06
63,7002.64,1.09007,1.20693,0.00395,0.46496,0.23661,0.27034,0.20257,0.97244,1.16054,0.00406,9.36057e-06,9.36057e-06,9.36057e-06
64,7113.62,1.08634,1.19849,0.00388,0.46845,0.24834,0.27394,0.20542,0.97634,1.15456,0.00408,8.94394e-06,8.94394e-06,8.94394e-06
65,7224.76,1.06995,1.18029,0.00388,0.43838,0.2579,0.27407,0.20631,0.97376,1.15285,0.00406,8.53294e-06,8.53294e-06,8.53294e-06
66,7336.03,1.08048,1.18616,0.00391,0.47348,0.2429,0.27556,0.20813,0.96835,1.1553,0.00403,8.12797e-06,8.12797e-06,8.12797e-06
67,7447.14,1.0729,1.18858,0.00388,0.47204,0.24164,0.27672,0.20872,0.97403,1.1498,0.00408,7.72943e-06,7.72943e-06,7.72943e-06
68,7558.43,1.07892,1.18841,0.00394,0.47427,0.24374,0.278,0.21047,0.97074,1.14532,0.00405,7.33771e-06,7.33771e-06,7.33771e-06
69,7669.5,1.07642,1.18068,0.00392,0.43361,0.25845,0.27774,0.20909,0.97183,1.14258,0.00405,6.95321e-06,6.95321e-06,6.95321e-06
70,7780.56,1.0835,1.17654,0.00395,0.47652,0.23774,0.27893,0.21032,0.97193,1.14258,0.00407,6.57629e-06,6.57629e-06,6.57629e-06
71,7891.68,1.07067,1.17944,0.00383,0.49534,0.23761,0.27793,0.21108,0.96471,1.14294,0.00404,6.20734e-06,6.20734e-06,6.20734e-06
72,8002.66,1.07012,1.16897,0.00385,0.48608,0.2335,0.27782,0.20912,0.97432,1.14716,0.00407,5.84672e-06,5.84672e-06,5.84672e-06
73,8113.7,1.06941,1.17484,0.00388,0.45361,0.25863,0.27903,0.21016,0.97812,1.14572,0.00408,5.49478e-06,5.49478e-06,5.49478e-06
74,8224.59,1.06573,1.16307,0.0039,0.48269,0.23781,0.27723,0.2095,0.97333,1.1516,0.00407,5.15187e-06,5.15187e-06,5.15187e-06
75,8335.55,1.06931,1.17906,0.00388,0.45282,0.26117,0.28134,0.21356,0.96877,1.14492,0.00406,4.81833e-06,4.81833e-06,4.81833e-06
76,8446.74,1.06309,1.16643,0.00384,0.45307,0.25028,0.2781,0.20998,0.96925,1.14429,0.00405,4.49448e-06,4.49448e-06,4.49448e-06
77,8557.68,1.05896,1.16757,0.00387,0.46748,0.25038,0.27851,0.21011,0.97044,1.14586,0.00406,4.18066e-06,4.18066e-06,4.18066e-06
78,8668.61,1.06024,1.15664,0.00383,0.45914,0.24643,0.27825,0.20963,0.97233,1.14466,0.00406,3.87716e-06,3.87716e-06,3.87716e-06
79,8779.7,1.05727,1.16884,0.00381,0.47565,0.24319,0.28052,0.21148,0.97315,1.14286,0.00406,3.58428e-06,3.58428e-06,3.58428e-06
80,8890.5,1.0566,1.16615,0.00382,0.47867,0.24424,0.28103,0.21179,0.97417,1.14124,0.00408,3.30232e-06,3.30232e-06,3.30232e-06
81,9001.56,1.06563,1.16206,0.00392,0.45428,0.25904,0.28072,0.21196,0.96934,1.14225,0.00406,3.03156e-06,3.03156e-06,3.03156e-06
82,9112.43,1.05764,1.14628,0.00387,0.47418,0.24586,0.28437,0.21446,0.96593,1.14129,0.00404,2.77226e-06,2.77226e-06,2.77226e-06
83,9223.63,1.0501,1.1381,0.00377,0.49449,0.24164,0.28618,0.21594,0.9646,1.13595,0.00404,2.52467e-06,2.52467e-06,2.52467e-06
84,9334.75,1.05372,1.14284,0.0038,0.45906,0.25966,0.28597,0.21577,0.9698,1.13996,0.00406,2.28905e-06,2.28905e-06,2.28905e-06
85,9445.61,1.06252,1.13993,0.00384,0.45853,0.26539,0.28754,0.21765,0.97074,1.13773,0.00406,2.06562e-06,2.06562e-06,2.06562e-06
86,9556.79,1.05296,1.14149,0.00378,0.4615,0.26084,0.28856,0.21792,0.97046,1.13799,0.00406,1.8546e-06,1.8546e-06,1.8546e-06
87,9668.15,1.05768,1.15653,0.00383,0.45045,0.25916,0.28734,0.217,0.969,1.13842,0.00405,1.65621e-06,1.65621e-06,1.65621e-06
88,9779.37,1.04692,1.13238,0.0038,0.49303,0.2417,0.28492,0.21498,0.96874,1.13747,0.00406,1.47063e-06,1.47063e-06,1.47063e-06
89,9890.22,1.05189,1.15381,0.00381,0.45638,0.26135,0.28536,0.21527,0.96919,1.13658,0.00406,1.29806e-06,1.29806e-06,1.29806e-06
90,10001.1,1.06504,1.14237,0.00381,0.49422,0.24017,0.28565,0.21576,0.96732,1.13585,0.00406,1.13866e-06,1.13866e-06,1.13866e-06
91,10111.7,1.06354,0.94578,0.00457,0.44886,0.25108,0.27614,0.20751,0.96923,1.15593,0.00405,9.92584e-07,9.92584e-07,9.92584e-07
92,10221.5,1.05088,0.93824,0.00453,0.47366,0.24562,0.27686,0.20823,0.96863,1.15753,0.00404,8.59984e-07,8.59984e-07,8.59984e-07
93,10331.2,1.06593,0.95375,0.00457,0.48212,0.24367,0.27761,0.20884,0.97246,1.15568,0.00406,7.40989e-07,7.40989e-07,7.40989e-07
94,10441,1.05476,0.94099,0.00456,0.48135,0.24693,0.27798,0.20909,0.97518,1.15551,0.00407,6.35715e-07,6.35715e-07,6.35715e-07
95,10550.6,1.05061,0.93876,0.00454,0.48718,0.24487,0.27832,0.20963,0.96984,1.1544,0.00405,5.44267e-07,5.44267e-07,5.44267e-07
96,10660.3,1.05445,0.94068,0.00453,0.49346,0.24211,0.27883,0.2099,0.97159,1.15339,0.00406,4.66734e-07,4.66734e-07,4.66734e-07
97,10770.2,1.04547,0.94315,0.00454,0.47971,0.23991,0.27857,0.20978,0.97061,1.15263,0.00406,4.03193e-07,4.03193e-07,4.03193e-07
98,10879.9,1.05512,0.93972,0.00454,0.49431,0.24231,0.27948,0.21069,0.9699,1.153,0.00405,3.53708e-07,3.53708e-07,3.53708e-07
99,10989.7,1.03823,0.92434,0.00445,0.48129,0.24425,0.27872,0.21014,0.97169,1.15323,0.00406,3.18326e-07,3.18326e-07,3.18326e-07
100,11099.5,1.03909,0.9384,0.0044,0.49405,0.24373,0.27895,0.21025,0.97147,1.15519,0.00405,2.97083e-07,2.97083e-07,2.97083e-07
